Name,Email,Password,Salt,Hashed Password,Address,Payment Method,Order History,Wishlist
Michael Garcia,michaelgarcia0@example.com,nxyv83Ug-Q*G,9f04,24997fb373dc76437aecbe918b09d8bb2f6043f343e3c3b9fc6744978ecddbce,"647 Main St, New York, TX",Credit Card,"Order#1182, Order#9775","Cozy Sofa, Dreamy Bed, Sturdy Wardrobe, Snug Bed"
Emma Garcia,emmagarcia1@example.com,lK+adR&!,d0e0,dfb7890b5954d0cb2c6e4ab8dcff7b5d18f48a172a22f3878022f452f81acb44,"163 Broadway, Phoenix, CA",Bank Transfer,"Order#2163, Order#6390",
Robert Smith,robertsmith2@example.com,AWkX#M!G,5a13,3fc9e713fefc5df11dbb97a4197395cbd023700f69ad3bec3dd32a166ec2dd6f,"907 Park Blvd, Philadelphia, CA",Credit Card,"Order#9955, Order#1414, Order#6368, Order#9941, Order#7586",
David Smith,davidsmith3@example.com,9(=m_G9u,2085,6c7036650891b050a828fc37cda43f743d693ca41816f4fb81a3d7420b6a797c,"363 Oak St, Los Angeles, NY",Bank Transfer,"Order#1619, Order#2673",
Daniel Johnson,danieljohnson4@example.com,j(nde0)V,c503,808966f8431a105eb9699200e9c06d7df6d422d9806d12fec732c983c44b4a4e,"580 Broadway, New York, TX",Bank Transfer,Order#2588,"Sturdy Wardrobe, Dreamy Bed, Snug Chair, Dreamy Bed"
Michael Jones,michaeljones5@example.com,5&F^Ebfg,c0b3,0b028cb2d7eff07f0562d32b73c9af28efe9a520fd0116f6baa7f01b972f129b,"508 Oak St, Chicago, TX",PayPal,"Order#4916, Order#8118, Order#4030","Lush Bed, Dreamy Bed, Sturdy Wardrobe, Cozy Bed"
Daniel Smith,danielsmith6@example.com,U+#<S3&Y,fdcd,7b8c71db3631200d4bf19e18c720987326597b7a53ab8820d59d20c003fadfb8,"469 Sunset Rd, Phoenix, PA",Credit Card,"Order#5405, Order#7981, Order#6224, Order#7502","Snug Sofa, Buddy Chair, Lush Sofa"
Jane Smith,janesmith7@example.com,!Nt73_)?PL,e139,99d5e8be51c04123b4e380ebd153a2a772b45d927e3251b410b8358829bab9b5,"340 Cedar Ln, Chicago, TX",PayPal,Order#5519,"Relax Sofa, Cozy Bed"
Emily Williams,emilywilliams8@example.com,<E4s&x^)f,5188,ef0f0ead7d6b325f56af93a8e6fa17a5d0b82fd2209485e155e35a5ed9698b31,"439 Main St, Dallas, TX",PayPal,,Sturdy Table
Michael Johnson,michaeljohnson9@example.com,oQDsW#Q)$t,6fe5,365d30b1d22763f5560c1c5d320102b0aaaa20b2d261f3dbb46c6c49bebc33fa,"499 Oak St, Chicago, TX",PayPal,"Order#4908, Order#3312","Buddy Chair, Relax Bed, Cozy Sofa"
Michael Davis,michaeldavis10@example.com,f!ED6&!m8N_,b31f,abea2eb9a204a2a9a9ddd15e82a71ec425e665a5b59faa60a2190d506359cff6,"769 2nd Ave, New York, CA",Credit Card,"Order#9760, Order#3989, Order#7423","Relax Sofa, Relax Bed"
Robert Miller,robertmiller11@example.com,ugjaOhK*@,cf92,de410b37a1da3b813ae232aae67676569fa0945f38a3fa14c196c22efb7a6ff5,"413 Park Blvd, San Antonio, CA",Credit Card,Order#7341,"Chic Chair, Dreamy Bed, Relax Sofa"
Emily Davis,emilydavis12@example.com,$a!o_lxYt4q*,6595,96d7a5e030a0478462b1b372b10308843ad55dcb6a59c9ca2a0a8ac4a2af0864,"424 Sunset Rd, Los Angeles, PA",Bank Transfer,"Order#1363, Order#5427, Order#4380","Relax Sofa, Sturdy Table, Cosy Table"
Olivia Davis,oliviadavis13@example.com,_wB&&a)AC,fc32,7c48696f88c14bdc1c7d601882ad4862e808e8c1a77ebf74f514dddb7d7242c6,"526 2nd Ave, San Antonio, AZ",PayPal,"Order#4647, Order#9793","Relax Bed, Snug Bed, Chic Chair"
Olivia Brown,oliviabrown14@example.com,ln>VEwFA%,2aea,526dc6541c46038cace191162499bf113d26a2be5c9022c9fede1060f70ee05e,"632 Maple St, Los Angeles, CA",Bank Transfer,"Order#8208, Order#4894, Order#9033, Order#1481",Lush Sofa
Jane Davis,janedavis15@example.com,E><v+*Fb,2c12,8e626739d8a2ad5313357588549e4bd9b538de9d7cc8cc99f9fa645a1b76b613,"814 Elm Ave, Dallas, NY",Bank Transfer,,"Lush Sofa, Relax Bed, Cosy Chair"
Emily Johnson,emilyjohnson16@example.com,+C5bkt-FjU&K,ab29,919a515bc311f0054a78e752b792a4ec1a72dee9a171517481a71a8337b44311,"370 Broadway, Dallas, CA",Bank Transfer,"Order#1861, Order#7808, Order#2702, Order#7218, Order#6997","Snug Bed, Zippy Chair"
Robert Davis,robertdavis17@example.com,Z7*+c#-A))2,5339,e394881711d2cff3c921e36afce91c7eab0af38539eba838e929299fb34d0897,"425 Maple St, Philadelphia, PA",PayPal,"Order#1626, Order#9849, Order#8764","Compact Wardrobe, Sturdy Table, Relax Bed"
Sarah Miller,sarahmiller18@example.com,HMo5Ucp%me!,d68f,9a2143e4272350733b284101edcb213d575dc0edcc7796f2b6f105af280635b5,"511 Cedar Ln, Philadelphia, PA",PayPal,"Order#5514, Order#6551, Order#1352, Order#2342, Order#4967","Relax Sofa, Smart Wardrobe, Compact Wardrobe"
David Smith,davidsmith19@example.com,nK^FEV*0No,977e,5dddb199d0533d7bd8bd9c634cedfb15f02c86298001b52e0b364d4e463b1ee9,"131 Sunset Rd, Phoenix, TX",Credit Card,"Order#3059, Order#8677, Order#5772, Order#8700, Order#7475",Lush Sofa
Robert Smith,robertsmith20@example.com,EnHkU!uB2,9c23,15718cf2fb086737f860adc339801fe3147f17bf44093c6bd785068195f16abd,"608 Pine Dr, San Jose, CA",PayPal,"Order#1596, Order#6804, Order#7914, Order#8185, Order#1330","Chic Table, Lush Bed"
Michael Brown,michaelbrown21@example.com,)e<7bE9>t_,39eb,7bf84654d731c122691b723cbdacca490ff029254ac469e07d79001f4bc918d8,"350 Sunset Rd, Los Angeles, TX",PayPal,"Order#7399, Order#3869",Snug Sofa
Jane Martinez,janemartinez22@example.com,ZUj$S&ol,dd6b,4a1f545e1e09539b37531c5c4bcffefb969ca6af8e51c2a084fcebcfd67b360a,"620 Cedar Ln, Dallas, IL",Bank Transfer,"Order#6413, Order#6232, Order#3185, Order#3969, Order#8405",Compact Wardrobe
John Brown,johnbrown23@example.com,j7AEX$QKV1&<,dbee,f13e48c4e1497fc1c8041a85359f7d3b4f2ac912e058ef515f33025076e83a73,"933 Elm Ave, Houston, CA",Bank Transfer,Order#9032,
Michael Martinez,michaelmartinez24@example.com,7Su52v(Z*G,41cf,1765c9447d64947ebbca5c164191b45bb85f9aefc72e3a5577d7d8fb74f303ca,"849 Elm Ave, San Jose, CA",PayPal,"Order#6030, Order#4976, Order#4021, Order#2708, Order#9371","Buddy Table, Sturdy Table"
Sarah Williams,sarahwilliams25@example.com,t#$xon3ZwA*,c823,8a1736cd04cacb8b9be233d367c5c68d28bdd0759857a2b268f92184afe100f0,"562 Oak St, New York, TX",Bank Transfer,Order#4208,"Buddy Chair, Zippy Chair"
Sarah Brown,sarahbrown26@example.com,EcsY!K8spb,8b1a,80cac4430fb50095bd2652036afcdacf5449aec1c4e5b5a5cfcee93d706f5f12,"961 2nd Ave, Houston, TX",Bank Transfer,Order#2697,"Lush Bed, Chic Chair"
Sarah Jones,sarahjones27@example.com,eO!0=!1MjowB,aa0d,7e8be5284ef5cf5fd54fe7cb7c583a24160dca505b450d41b6e5247d6db01f70,"402 Sunset Rd, Houston, IL",Bank Transfer,"Order#7815, Order#2988","Comfy Sofa, Chic Table, Snug Chair"
Michael Smith,michaelsmith28@example.com,B8J#C!gd+,7b29,b2a0d164bd0959022b4c42b11540cb9954a7497a6e47dd308ca17106bfda7c7e,"333 Sunset Rd, Phoenix, TX",Bank Transfer,"Order#8902, Order#8120, Order#4485, Order#2977, Order#3497","Buddy Chair, Relax Bed, Chic Chair, Cozy Sofa"
Michael Smith,michaelsmith29@example.com,+D!_O<iC4OG-,4d04,bc00ae43b48aeac2e9184f3f39510e990c337ebf1a26441c9429fbfb6a23abde,"905 Broadway, Dallas, PA",Bank Transfer,,Relax Bed
Daniel Williams,danielwilliams30@example.com,kw&m)<Q?6w,144a,390bf8fb5cf608e7932ae1df8ca3a2fe2bf655cf19a7a3a737f64debf149d55c,"411 Cedar Ln, San Jose, IL",PayPal,"Order#3711, Order#9149, Order#7377","Snug Chair, Relax Bed"
Sarah Williams,sarahwilliams31@example.com,u7>Aq2kmbf_n,e923,833ad2de61334273221b157927ef90ec27428e227514f7ec11581e9e84e8569a,"665 Oak St, San Jose, CA",Bank Transfer,"Order#7564, Order#3356, Order#5491, Order#1523","Buddy Table, Sturdy Table, Chic Wardrobe"
Michael Jones,michaeljones32@example.com,!JjMp7mekeB,91fc,28b716c351781f7efdcd0a1c22281a4b70f1040cd5792de596c650aa1014c71a,"708 2nd Ave, Houston, CA",Bank Transfer,"Order#3400, Order#3272",
Sarah Miller,sarahmiller33@example.com,+j5@nIb_xd,1dd2,b91af3b37b0d82b8c061b696887312642b19395d1e15595352281e934ebced4e,"873 Main St, New York, IL",PayPal,"Order#1427, Order#9441, Order#4024","Lush Bed, Relax Sofa, Snug Sofa, Cozy Sofa"
Emily Brown,emilybrown34@example.com,X+yCW&&vo,96fc,c2b316cb5faeb5cdc3c66f598346ca1b50598271a6f08d432aa65a9773d770ff,"801 Elm Ave, Houston, TX",Credit Card,Order#3707,"Cosy Table, Snug Sofa"
Daniel Hernandez,danielhernandez35@example.com,(JnWO+0i,9aed,a262511e0ec8e0abce1cc9f78350a7eb4784b746af6f69b67b2d00df352410de,"512 Pine Dr, Chicago, CA",Credit Card,Order#1236,"Relax Sofa, Snug Sofa, Relax Sofa"
Olivia Martinez,oliviamartinez36@example.com,T3>SLJ$1G),d8f7,6b5b325f800b68d6ec8f229bd3c9bb157e0c4e53e14c9a1d8341711e40588e5e,"936 Pine Dr, Chicago, IL",Credit Card,"Order#9164, Order#1335, Order#4933","Elegant Table, Cosy Table, Cosy Chair, Smart Wardrobe"
Michael Miller,michaelmiller37@example.com,a2ni<IOE-,3719,d4998ed06720ef555798ede302cd2872b4d911fb79682829e13855fd54136c0a,"525 2nd Ave, Chicago, CA",PayPal,"Order#2961, Order#5824, Order#2656, Order#5972",Sturdy Wardrobe
Emily Garcia,emilygarcia38@example.com,O__EMwbA,28fa,35140c5291921d2b15f3e998f897e25538e400f6596bfccc429966a9ed747a2f,"775 Elm Ave, San Diego, TX",PayPal,"Order#4887, Order#3785",
Sarah Miller,sarahmiller39@example.com,9h=^)6pAW(,5a8b,b8aefaf93870d2f99a030fea7393eb70302a92f84d627bfc2259bac88ba01f02,"695 Maple St, Los Angeles, TX",Bank Transfer,,"Comfy Sofa, Cozy Sofa"
Robert Miller,robertmiller40@example.com,)A(^3aVY,4109,22ad82cd2a7fd66e7cfe0180bb2c32b043f704bb7af448f9260e6c4a1df2e6f0,"808 Maple St, Los Angeles, CA",PayPal,"Order#8221, Order#4016, Order#8050, Order#2431, Order#7740","Zippy Wardrobe, Smart Wardrobe, Zippy Wardrobe"
Emily Martinez,emilymartinez41@example.com,sNZT>RWC2^,a2fd,83a46d40bddbd882cd3b4fa60088bda05ff6ba99122ef740402061c197ddd5a6,"778 Elm Ave, Los Angeles, NY",Bank Transfer,"Order#8177, Order#2088, Order#9361",Lush Bed
Olivia Jones,oliviajones42@example.com,>VB=N=0%>,eb01,a3edc11cdcd5292b3c2f4cb23416842b13e0ec38a4b2115f05213c1e67ed66de,"689 Park Blvd, New York, PA",Bank Transfer,"Order#7660, Order#7394","Relax Sofa, Relax Bed, Zippy Wardrobe"
Jane Williams,janewilliams43@example.com,?Za>E8&X),c869,ef016b00dd7db72037924322e5950707c9c8b339ae5b244c146735300bd22efe,"580 Sunset Rd, San Antonio, CA",PayPal,"Order#2126, Order#5520",Relax Sofa
Emily Johnson,emilyjohnson44@example.com,#gUQ8)joYB,8691,88ce2fec25b7b333aa8fdde4f32c8ef827ec20c96545eb3ed152fc7bbbb5fcef,"538 Park Blvd, San Jose, TX",Bank Transfer,"Order#4020, Order#8139, Order#6779, Order#5121, Order#1539","Cosy Chair, Cozy Bed, Buddy Table"
Emily Williams,emilywilliams45@example.com,9c0q8U<x>gD,014b,22ef6134f1c276e275ea389eb936456cb16746a43e39992e4f53866ee75a946b,"153 Maple St, San Antonio, TX",PayPal,"Order#2972, Order#7661, Order#8322, Order#4240, Order#8301","Chic Table, Buddy Chair, Dreamy Bed, Chic Chair"
Daniel Davis,danieldavis46@example.com,?1mhRFrp,eb98,c915684416fe993244ae0ae725ab5ee2b009a241a701e3fce95aae62315aeacc,"144 Pine Dr, Philadelphia, TX",PayPal,"Order#9424, Order#7525, Order#6562, Order#2446","Lush Sofa, Snug Sofa, Chic Table, Sturdy Wardrobe"
Michael Garcia,michaelgarcia47@example.com,VL3%8B3sGA1,827,e54b7797d242c7b37e601b7c877d050cb97897b01df9d0bba1b9be5a67b4bec1,"490 Main St, Chicago, AZ",Credit Card,"Order#9933, Order#3989, Order#6002",Relax Sofa
David Davis,daviddavis48@example.com,-)69*xB3Q_,0bba,18f4478ec4f92da83991e35aa37cfbfee9e6fdf46d6cb219fadc5a0386413ca9,"576 2nd Ave, Dallas, PA",Credit Card,"Order#9313, Order#3124, Order#7522, Order#2767","Lush Bed, Dreamy Bed"
John Brown,johnbrown49@example.com,$qKf8FNcz8,aa50,e612f78826b6a10fbbdbcdb3146a7de6d8f13d4656963ebda17db01e4c7148e5,"684 2nd Ave, Philadelphia, CA",PayPal,"Order#3196, Order#4061, Order#4099, Order#4132",Comfy Sofa
Olivia Williams,oliviawilliams50@example.com,*I!XDw6-*5c^,b19e,fb7b6b2c2d4065caeea361c217b759fd50e0b67133c65fc9bf5e0604a4be1391,"399 Sunset Rd, San Jose, CA",Bank Transfer,,"Relax Bed, Elegant Table, Snug Bed"
Olivia Jones,oliviajones51@example.com,J&6UV*CmYs,0de9,c470c027360746633b5d5cfbf1a6c75a328a1a5c41c0bf977aee3112ab09736a,"568 Main St, Los Angeles, NY",Bank Transfer,"Order#4524, Order#7080, Order#8673, Order#2193",
Olivia Johnson,oliviajohnson52@example.com,M9sohwlGC&^,b78b,b12354bade294bd5924bc4404dbf2844ffb958ff71ec7362e415098f8459f4b6,"290 Park Blvd, Los Angeles, TX",Credit Card,"Order#6509, Order#9602","Relax Bed, Lush Bed, Sturdy Wardrobe"
Robert Williams,robertwilliams53@example.com,_#WrdHgv,f576,b21626d1fd2cdfa19f6fe9f1d133e29aba63de9c0f96adb1955cb5c836740d94,"562 Sunset Rd, Phoenix, PA",PayPal,"Order#9226, Order#9714","Chic Wardrobe, Zippy Chair, Cozy Sofa"
Robert Brown,robertbrown54@example.com,Kks6R_-Nk,cc64,add17a38fe8e22d6af7a752972bdcdfd6de2fcb20ab8b624bc0c67a70ff41f26,"260 Cedar Ln, Phoenix, IL",Credit Card,"Order#3331, Order#1933",
Robert Brown,robertbrown55@example.com,-Ck_O%Iq,b900,79d8f55ac5c8f834751e21c9072b483c50c804a78961a029239cb2396414c58c,"426 Elm Ave, Philadelphia, TX",PayPal,"Order#4409, Order#2906, Order#2936",Comfy Sofa
Emily Brown,emilybrown56@example.com,^en8D!=LVBz,62c9,ca23330683a73e9e11373da7a8e3de42d2559c5e4551ba7aa5d692b9befc2a2d,"679 Pine Dr, Los Angeles, CA",Bank Transfer,"Order#3115, Order#6321, Order#9173","Snug Sofa, Buddy Table, Compact Wardrobe"
Jane Johnson,janejohnson57@example.com,B=8tM$^(,1984,fae03607cdc68e0f61d9b919062dcd4d882f4fd9b828b2920bf2dabffa5ae48d,"910 Main St, Los Angeles, NY",Bank Transfer,"Order#8879, Order#6618, Order#3076, Order#6169, Order#3544","Buddy Chair, Comfy Sofa, Compact Wardrobe, Snug Chair"
David Johnson,davidjohnson58@example.com,uHjvvA(),38fc,526ad3c120dd4b6310ebe9c9bc8126d973e6599236d2359eba2cfb2625f5ee53,"593 Elm Ave, Dallas, TX",PayPal,"Order#4229, Order#8833, Order#9963, Order#1555","Compact Wardrobe, Cozy Sofa"
Olivia Williams,oliviawilliams59@example.com,+(%@Sc6#3gh,738d,619e38f924d7ff4c64ab24b6ad05f8d921ee1910b6b6c58f8f78faec3bd9355c,"314 Maple St, Los Angeles, TX",PayPal,"Order#4158, Order#7382, Order#6310, Order#2754, Order#5666","Zippy Chair, Buddy Table, Chic Wardrobe, Relax Sofa"
Daniel Brown,danielbrown60@example.com,a#Vfa87f,b9b0,d37182741991e67b92a5189f4dc175762faf3e35dfaad8c5ab2339d7dcd9a149,"476 2nd Ave, San Diego, CA",Bank Transfer,"Order#3809, Order#1918, Order#6392, Order#9239, Order#9753","Chic Wardrobe, Dreamy Bed, Sturdy Wardrobe, Chic Table"
Jane Garcia,janegarcia61@example.com,SLhm=FA>V,3a5f,03b9753574b902e6dd07ad42b62a9ec7833da6eb17be3fb4c5d65e5694be3f71,"521 2nd Ave, Phoenix, CA",PayPal,"Order#2699, Order#5805, Order#1031, Order#7010","Zippy Wardrobe, Buddy Chair, Lush Bed"
Robert Martinez,robertmartinez62@example.com,aKe&VsWF<,83ec,6e8a9a10005356ce298ab4d180e63016a2dc504a30d0b6af013c90f43da09913,"163 Park Blvd, Los Angeles, CA",Bank Transfer,"Order#5987, Order#7622, Order#2929","Sturdy Table, Snug Bed, Chic Wardrobe"
David Martinez,davidmartinez63@example.com,g+e^sDwq,74f0,f93c2a6ef057a01d2537d38907ca6a500b4809a392e6bc710342bc03752134e0,"873 Elm Ave, Houston, IL",Credit Card,"Order#9081, Order#9310, Order#8217, Order#5190, Order#2251",
John Jones,johnjones64@example.com,tc2>peHCK&,85bb,c84eb628fed1e58aff96ac50cae1ab45eda327406a95303b083af122fd4648df,"472 Park Blvd, San Diego, CA",Credit Card,"Order#3415, Order#2456",Lush Bed
Emma Garcia,emmagarcia65@example.com,n>o<$H&qJ,5567,9cf261a2df5232c4a913a7263da5e8b04549f86a091846b116d06d0b81035527,"630 Main St, Dallas, CA",Bank Transfer,"Order#6623, Order#4476","Relax Sofa, Snug Sofa, Lush Sofa, Comfy Sofa"
Michael Martinez,michaelmartinez66@example.com,W!+tlLzAgtg,325,128f2a0b36ffcee7eb2ef24088aa1b445b1d8983377cc792fa3e7430b94dd249,"424 Oak St, Phoenix, CA",Credit Card,Order#6628,"Relax Bed, Snug Bed, Snug Bed"
Emma Davis,emmadavis67@example.com,RiMz2DBjanf-,dcc7,3152cce36c96effb5f0006fddbeb64cb6ffaa2925274f52a03e43ed0dd2c3ecb,"661 2nd Ave, Phoenix, CA",Credit Card,"Order#8385, Order#2485, Order#4028, Order#3086",
Olivia Garcia,oliviagarcia68@example.com,CO5eao>c!Ir,eb2b,39202cd167b1bfd54728ef0357db4320d7f33851a7e51cf8f39519acff1bef2a,"682 2nd Ave, Philadelphia, TX",PayPal,,"Chic Table, Dreamy Bed, Zippy Chair"
John Williams,johnwilliams69@example.com,OG)O2mV@*c&,b3e5,129a1fa027ad200369876c9dd86a3eeca892e98bad3f6f9f4a7dff62e7e590ae,"543 Main St, Phoenix, IL",PayPal,,
Michael Williams,michaelwilliams70@example.com,OmE=)#4m-,d93d,e3fb8adebebed2b68863d9c56fbdcebf7c1573f50e78740784e82483b7a3bafb,"893 Main St, Los Angeles, CA",PayPal,,Snug Sofa
Michael Brown,michaelbrown71@example.com,aF4aoskA*=,5a19,d004b348fa1182fe537f8225e7fd9bf9f88b4840060dad917dd7f13d384bc3ad,"789 Elm Ave, San Antonio, AZ",Credit Card,"Order#9916, Order#4339","Zippy Wardrobe, Chic Wardrobe, Sturdy Table"
Robert Jones,robertjones72@example.com,^r*t6<5>,a04a,df2d419ad41826fc0fd4684cae0f43d7aace7d68c771ff893a2e47117fa840c2,"449 Cedar Ln, Phoenix, TX",PayPal,"Order#8760, Order#4092, Order#2134, Order#6626, Order#2914","Chic Table, Smart Wardrobe, Smart Wardrobe"
Michael Hernandez,michaelhernandez73@example.com,Ph!>X3X)x,ba4c,1cce9954aca2034520583090c4712bc84cb4eca92fd4111a9e96845c8bd87cd7,"691 Cedar Ln, Houston, AZ",PayPal,"Order#2450, Order#1111, Order#6581, Order#2370","Buddy Table, Compact Wardrobe, Elegant Table, Dreamy Bed"
Michael Miller,michaelmiller74@example.com,5feMuIMO2p>,bdab,20290a50a0a05b42812fcb35fe777080381b1411e881ecef844452a6d4af0c90,"992 Cedar Ln, Chicago, NY",Bank Transfer,Order#9434,"Snug Bed, Cosy Table, Chic Wardrobe, Lush Sofa"
Sarah Hernandez,sarahhernandez75@example.com,UIV<s4z=kt7@,4c3a,d597afabaa164ce6a9e042a11ec7cd122c0188b46319033bfabf7c5afa06e753,"734 Broadway, Phoenix, AZ",Bank Transfer,"Order#2970, Order#5478","Sturdy Wardrobe, Chic Wardrobe, Comfy Sofa"
Jane Williams,janewilliams76@example.com,<?6-Iz$zSs5v,80d4,8a527053ddb7ee20f40c1c78ca295fe3154b9f55e352a834d8192d95f6fdb300,"823 Sunset Rd, San Jose, PA",Credit Card,"Order#1542, Order#4463, Order#9744, Order#8897",
Emily Brown,emilybrown77@example.com,x$)Rm+u-2,9a51,38bc747fe051c67215b63dfcfebb45b1836a29972a18e29f2ec89f0ae0cdcaed,"983 Broadway, Phoenix, CA",Credit Card,"Order#8832, Order#4379, Order#1904",Zippy Wardrobe
John Martinez,johnmartinez78@example.com,<xdwoZ!>(,e912,47ad9aa43401fd76171bb0977cab6428cf98391add7f3d2c2ae90fa68685e955,"712 Cedar Ln, Phoenix, NY",PayPal,"Order#6466, Order#3176, Order#2861","Comfy Sofa, Chic Table"
John Miller,johnmiller79@example.com,NeOzcfSsjw+1,b67a,ed6a4aa2ca50492600b7efb6e156eeea5c04af4523156ccd27d07573a013b096,"705 Cedar Ln, San Diego, AZ",Credit Card,Order#1762,"Zippy Chair, Compact Wardrobe, Sturdy Wardrobe, Lush Bed"
John Jones,johnjones80@example.com,yIJx>#_==k,139f,6524d22f14f7d5fda03ca7c6f0e4c0cccab8ea312c82fac1218e3cf405f2ca6b,"955 Sunset Rd, San Jose, TX",Credit Card,"Order#3944, Order#7625, Order#8199",Cosy Table
Olivia Hernandez,oliviahernandez81@example.com,=FV-a)<(Wr,5f3f,ead634463ca6c15267bd0a62b06952fa60d17bace2d6156a59c474e7a866804c,"795 Main St, Dallas, IL",Credit Card,Order#1120,
John Miller,johnmiller82@example.com,#(=S<Hd!)ak,32c3,2ae577993819a9f94295d9c4775a4cfc6ed92c26dcdcadb421d15b458bb3bb6d,"403 Oak St, San Antonio, TX",Bank Transfer,"Order#2441, Order#8609, Order#9990, Order#9018, Order#8312",
John Smith,johnsmith83@example.com,dNJ&KKY3$<x4,82fe,77183f085e4425b7b1f51667a12c5b0c035d6f14e1b9e7d055fe5eff3fd3b4ed,"515 Oak St, San Antonio, TX",Bank Transfer,"Order#5003, Order#1628, Order#1277",
Robert Miller,robertmiller84@example.com,w<XG5(ArY,0fd3,c97ff3724c9afbc552d562a27353d610fc5d48d217cec0da5a27e780a8a840cd,"664 Main St, Dallas, CA",Credit Card,,"Lush Sofa, Dreamy Bed, Snug Sofa"
Daniel Garcia,danielgarcia85@example.com,eVjLF$s6bZq,b593,ab77a9da1ebdd35be63a002af3226ccb7d9058fa9e24f9aed3afda5a468454b5,"112 Cedar Ln, Phoenix, NY",Credit Card,,
John Garcia,johngarcia86@example.com,zi%TSI%vF),2bea,3157425e5e16024d757fb5c41721733ab63c09aabb3f6d20873f5fc699c4be0c,"277 2nd Ave, Phoenix, CA",PayPal,Order#1261,
Michael Johnson,michaeljohnson87@example.com,(++VSgi<,f110,0ea4d1544dd05232caf49836a98fd509ad5c387a2cf035d52fb77cde59f1c651,"171 Cedar Ln, Dallas, PA",PayPal,"Order#4483, Order#7931, Order#3452",
David Johnson,davidjohnson88@example.com,urf^k(axV,efa9,9b25dbff256f061060ab4cc2419070e63ae0ff22db1b2614480dbd426f2e9ada,"763 Main St, Phoenix, CA",Bank Transfer,,"Zippy Chair, Sturdy Table"
John Smith,johnsmith89@example.com,gMl4+*-=>!ck,9809,b7e77bfb30bb4fe22adc47a9868bd6aed56cd6b331d21519cd5460571dfa4954,"923 2nd Ave, New York, CA",PayPal,Order#9947,Zippy Chair
Robert Garcia,robertgarcia90@example.com,Y?eg$8HZ0Vi,e61f,d2730e763fe7bd4cc4482c5c8c9df8478661ebecdc3e688e6af5bb31b77e24fa,"537 2nd Ave, Los Angeles, TX",PayPal,"Order#1864, Order#3011",
Emily Johnson,emilyjohnson91@example.com,c$D4^w>+(cIg,e568,ee25913737bd6b4541d094eac94e3994831ea461df0747235475a126b1caefff,"168 Oak St, Phoenix, AZ",Credit Card,"Order#9860, Order#1287","Elegant Table, Compact Wardrobe"
Emma Johnson,emmajohnson92@example.com,Ho5W*1jr,dbb9,7de2b7ccdb1b21244db4e0a6ed19261d2674b3fa257c5bf75294b472f9325a8e,"311 Park Blvd, Dallas, TX",PayPal,,
Michael Miller,michaelmiller93@example.com,^*Rz?J)yiZ,2fc2,f075e8c6ee2467b8ddf1944c6cb5f8b0495533813f0be26985f03fc297645137,"960 Oak St, Houston, PA",Bank Transfer,"Order#7595, Order#2777, Order#2250, Order#8188",
Michael Hernandez,michaelhernandez94@example.com,_6h(SU$a,f59f,ad7b93d525266183bea9f006882ad87c9f63d0ce69924ac26d902fa3466e3617,"351 Park Blvd, San Diego, TX",Bank Transfer,"Order#3176, Order#5341, Order#4460","Relax Sofa, Chic Wardrobe, Smart Wardrobe"
John Garcia,johngarcia95@example.com,n0@3mS%fZlb&,7716,b3052e956ba7870d85df0479d662ee776acdc7b54b1784c58c31ab31b03551cb,"599 Park Blvd, Houston, TX",PayPal,"Order#4564, Order#3757","Relax Sofa, Dreamy Bed"
Olivia Johnson,oliviajohnson96@example.com,bcB+CgyX,ae5f,e71c2ffe0851a2198ee56f82678635f00672dcc300cf2e485dce696dca0a2603,"874 Oak St, San Diego, CA",Bank Transfer,"Order#4214, Order#9455, Order#6329, Order#1638, Order#7997","Chic Table, Zippy Chair, Elegant Table"
Emma Brown,emmabrown97@example.com,k*6y8@e)2S7(,bf57,dfeff60dc21ead503a284dc50aaa87e3d7fdc21bf14b5b720a03e5ced05a8115,"804 Oak St, San Diego, NY",PayPal,Order#3342,Lush Sofa
Jane Johnson,janejohnson98@example.com,+dGRmWL$$T,1f32,0bae51e526e633b26977ffe8bc3eee111dd860af70df6f9b62f2796d6f6a3d8f,"931 Park Blvd, Phoenix, CA",PayPal,"Order#4905, Order#7051, Order#2366, Order#8021, Order#5069","Snug Bed, Snug Bed, Sturdy Wardrobe, Compact Wardrobe"
David Garcia,davidgarcia99@example.com,D=LTtD6(,fda3,6a357c0505c7e35bd991ba659f4675a0f2c2210f538498681cda4063efb0dba8,"861 Elm Ave, Houston, CA",Bank Transfer,"Order#6644, Order#1667",Chic Chair
Avi Cohen,avicohen@example.com,Strong@123,e3f02f966ffffeae,2b601b307c6a1c8f,123 Main St,PayPal,,
